,date,natural_resources_mining_all_employees,natural_resources_mining_avg_monthly_pay,natural_resources_mining_aggr_value,construction_all_employees,construction_avg_monthly_pay,construction_aggr_value,manufacturing_all_employees,manufacturing_avg_monthly_pay,manufacturing_aggr_value,trade_transportation_utilities_all_employees,trade_transportation_utilities_avg_monthly_pay,trade_transportation_utilities_aggr_value,information_all_employees,information_avg_monthly_pay,information_aggr_value,financial_activities_all_employees,financial_activities_avg_monthly_pay,financial_activities_aggr_value,professional_business_services_all_employees,professional_business_services_avg_monthly_pay,professional_business_services_aggr_value,education_health_services_all_employees,education_health_services_avg_monthly_pay,education_health_services_aggr_value,leisure_hospitality_all_employees,leisure_hospitality_avg_monthly_pay,leisure_hospitality_aggr_value,other_services_all_employees,other_services_avg_monthly_pay,other_services_aggr_value,unclassified_all_employees,unclassified_avg_monthly_pay,unclassified_aggr_value,total_industries_aggr_value
0,2018-06,645,6028,3888060,14919,5588,83367372,16223,8000,129784000,23587,3500,82554500,945,3956,3738420,4645,4252,19750540,12012,4208,50546496,17562,3188,55987656,12400,1400,17360000,3847,3932,15126404,124,2232,276768,462380216
1,2018-05,639,6028,3851892,14898,5588,83250024,15850,8000,126800000,23609,3500,82631500,938,3956,3710728,4614,4252,19618728,11977,4208,50399216,17568,3188,56006784,12111,1400,16955400,4187,3932,16463284,124,2232,276768,459964324
2,2018-04,589,6028,3550492,14815,5588,82786220,15660,8000,125280000,23628,3500,82698000,942,3956,3726552,4581,4252,19478412,11970,4208,50369760,17574,3188,56025912,11938,1400,16713200,3869,3932,15212908,115,2232,256680,456098136
3,2018-03,578,5888,3403264,14754,5652,83389608,15605,10116,157860180,23800,3924,93391200,958,4324,4142392,4579,4664,21356456,11942,4296,51302832,17208,3240,55753920,11918,1400,16685200,3992,3980,15888160,120,1788,214560,503387772
4,2018-02,630,5888,3709440,15254,5652,86215608,15606,10116,157870296,24004,3924,94191696,949,4324,4103476,4572,4664,21323808,11825,4296,50800200,17225,3240,55809000,11732,1400,16424800,4009,3980,15955820,116,1788,207408,506611552
5,2018-01,628,5888,3697664,14519,5652,82061388,15523,10116,157030668,23984,3924,94113216,944,4324,4081856,4570,4664,21314480,11585,4296,49769160,17105,3240,55420200,11479,1400,16070600,4004,3980,15935920,99,1788,177012,499672164
6,2017-12,554,5956,3299624,14479,6004,86931916,16287,8044,131012628,24461,3544,86689784,968,3964,3837152,4643,4484,20819212,11811,5232,61795152,16925,3576,60523800,11561,1432,16555352,3899,4168,16251032,105,2064,216720,487932372
7,2017-11,568,5956,3383008,14467,6004,86859868,16349,8044,131511356,24100,3544,85410400,978,3964,3876792,4633,4484,20774372,11575,5232,60560400,17006,3576,60813456,11456,1432,16404992,4547,4168,18951896,92,2064,189888,488736428
8,2017-10,587,5956,3496172,14700,6004,88258800,16427,8044,132138788,23311,3544,82614184,953,3964,3777692,4613,4484,20684692,11894,5232,62229408,16999,3576,60788424,11534,1432,16516688,4521,4168,18843528,63,2064,130032,489478408
9,2017-09,554,5320,2947280,13972,5508,76957776,16182,7704,124666128,22855,3336,76244280,957,4008,3835656,4582,3980,18236360,12246,4124,50502504,17143,3276,56160468,11078,1292,14312776,3907,3264,12752448,59,1740,102660,436718336
10,2017-08,552,5320,2936640,13854,5508,76307832,16207,7704,124858728,23542,3336,78536112,969,4008,3883752,4630,3980,18427400,12025,4124,49591100,17596,3276,57644496,11765,1292,15200380,3795,3264,12386880,63,1740,109620,439882940
11,2017-07,534,5320,2840880,14072,5508,77508576,16252,7704,125205408,23542,3336,78536112,986,4008,3951888,4619,3980,18383620,12093,4124,49871532,17417,3276,57058092,11958,1292,15449736,3782,3264,12344448,61,1740,106140,441256432
12,2017-06,548,5468,2996464,14017,5660,79336220,16203,7552,122365056,23324,3264,76129536,994,3884,3860696,4650,4040,18786000,12200,4176,50947200,17606,3232,56902592,12233,1368,16734744,4137,3504,14496048,41,1436,58876,442613432
13,2017-05,538,5468,2941784,13993,5660,79200380,16087,7552,121489024,23484,3264,76651776,985,3884,3825740,4651,4040,18790040,12330,4176,51490080,17455,3232,56414560,12066,1368,16506288,3927,3504,13760208,40,1436,57440,441127320
14,2017-04,558,5468,3051144,13524,5660,76545840,15855,7552,119736960,23480,3264,76638720,997,3884,3872348,4590,4040,18543600,12370,4176,51657120,17466,3232,56450112,11974,1368,16380432,4030,3504,14121120,40,1436,57440,437054836
15,2017-03,573,5316,3046068,13614,5660,77055240,16052,9828,157759056,23476,3692,86673392,1003,4364,4377092,4641,4404,20438964,12421,4452,55298292,17592,3172,55801824,11749,1364,16025636,4450,4128,18369600,43,1252,53836,494899000
16,2017-02,584,5316,3104544,13350,5660,75561000,16044,9828,157680432,23721,3692,87577932,1005,4364,4385820,4627,4404,20377308,12384,4452,55133568,17584,3172,55776448,11556,1364,15762384,4528,4128,18691584,44,1252,55088,494106108
17,2017-01,547,5316,2907852,12784,5660,72357440,15802,9828,155302056,23801,3692,87873292,1001,4364,4368364,4609,4404,20298036,12115,4452,53935980,17558,3172,55693976,11338,1364,15465032,4127,4128,17036256,49,1252,61348,485299632
18,2016-12,761,5772,4392492,12125,5788,70179500,15884,7636,121290224,24219,3288,79632072,1027,3868,3972436,4469,4204,18787676,11685,5220,60995700,18273,3468,63370764,11642,1396,16252232,3928,4280,16811840,28,1052,29456,455714392
19,2016-11,785,5772,4531020,12547,5788,72622036,16058,7636,122618888,23887,3288,78540456,1018,3868,3937624,4469,4204,18787676,11782,5220,61502040,18216,3468,63173088,11701,1396,16334596,3975,4280,17013000,27,1052,28404,459088828
20,2016-10,799,5772,4611828,13422,5788,77686536,16075,7636,122748700,23537,3288,77389656,1019,3868,3941492,4482,4204,18842328,11895,5220,62091900,18163,3468,62989284,11686,1396,16313656,4491,4280,19221480,27,1052,28404,465865264
21,2016-09,794,5716,4538504,13418,5732,76911976,15987,7576,121117512,23491,3352,78741832,1030,3848,3963440,4464,3988,17802432,12067,4488,54156696,18196,3396,61793616,11530,1368,15773040,4375,3672,16065000,9,1244,11196,450875244
22,2016-08,746,5716,4264136,13091,5732,75037612,16068,7576,121731168,23653,3352,79284856,1041,3848,4005768,4464,3988,17802432,12089,4488,54255432,18079,3396,61396284,11832,1368,16186176,4055,3672,14889960,9,1244,11196,448865020
23,2016-07,790,5716,4515640,13022,5732,74642104,16076,7576,121791776,23743,3352,79586536,1050,3848,4040400,4402,3988,17555176,12200,4488,54753600,17960,3396,60992160,11809,1368,16154712,4055,3672,14889960,9,1244,11196,448933260
24,2016-06,854,5164,4410056,13599,5448,74087352,16045,7672,123097240,23415,3296,77175840,1078,4016,4329248,4423,3888,17196624,12630,4360,55066800,18149,3120,56624880,11909,1372,16339148,3980,3432,13659360,10,1228,12280,441998828
25,2016-05,830,5164,4286120,13140,5448,71586720,16061,7672,123219992,23690,3296,78082240,1057,4016,4244912,4452,3888,17309376,12417,4360,54138120,18111,3120,56506320,11758,1372,16131976,4050,3432,13899600,11,1228,13508,439418884
26,2016-04,825,5164,4260300,13442,5448,73232016,16196,7672,124255712,23845,3296,78593120,1047,4016,4204752,4461,3888,17344368,12541,4360,54678760,18092,3120,56447040,11564,1372,15865808,4488,3432,15402816,12,1228,14736,444299428
27,2016-03,748,5100,3814800,12781,5372,68659532,16460,9260,152419600,23775,3448,81976200,1087,4008,4356696,4402,4140,18224280,12484,4388,54779792,18309,3068,56172012,11790,1300,15327000,3951,3412,13480812,20,1484,29680,469240404
28,2016-02,781,5100,3983100,13143,5372,70604196,16526,9260,153030760,23751,3448,81893448,1075,4008,4308600,4416,4140,18282240,12531,4388,54986028,18249,3068,55987932,11668,1300,15168400,4410,3412,15046920,20,1484,29680,473321304
29,2016-01,752,5100,3835200,13187,5372,70840564,16549,9260,153243740,23909,3448,82438232,1087,4008,4356696,4391,4140,18178740,12327,4388,54090876,18154,3068,55696472,11365,1300,14774500,4309,3412,14702308,18,1484,26712,472184040
30,2015-12,726,5544,4024944,13155,5752,75667560,16718,7792,130266656,24840,3512,87238080,1115,4004,4464460,4843,4440,21502920,12335,6024,74306040,18230,3564,64971720,11449,1348,15433252,3870,3452,13359240,17,1724,29308,491264180
31,2015-11,728,5544,4036032,12627,5752,72630504,16686,7792,130017312,24813,3512,87143256,1086,4004,4348344,4778,4440,21214320,12260,6024,73854240,18157,3564,64711548,11351,1348,15301148,3727,3452,12865604,18,1724,31032,486153340
32,2015-10,730,5544,4047120,12848,5752,73901696,16918,7792,131825056,24562,3512,86261744,1064,4004,4260256,4765,4440,21156600,12245,6024,73763880,18189,3564,64825596,11333,1348,15276884,4059,3452,14011668,16,1724,27584,489358084
33,2015-09,742,5476,4063192,12944,5252,67981888,17256,7132,123069792,24598,3160,77729680,1109,3688,4089992,4779,3864,18466056,12196,4236,51662256,17811,3136,55855296,11223,1320,14814360,3973,3080,12236840,18,1848,33264,430002616
34,2015-08,722,5476,3953672,13195,5252,69300140,17568,7132,125294976,24493,3160,77397880,1136,3688,4189568,4799,3864,18543336,12147,4236,51454692,17879,3136,56068544,11382,1320,15024240,3857,3080,11879560,17,1848,31416,433138024
35,2015-07,718,5476,3931768,13380,5252,70271760,17544,7132,125123808,24652,3160,77900320,1140,3688,4204320,4795,3864,18527880,12201,4236,51683436,17824,3136,55896064,11279,1320,14888280,3805,3080,11719400,15,1848,27720,434174756
36,2015-06,753,5696,4289088,13973,5136,71765328,17512,7240,126786880,24374,3184,77606816,1132,3912,4428384,4874,3824,18638176,11938,4280,51094640,17866,3116,55670456,11733,1292,15159036,3716,3548,13184368,16,1404,22464,438645636
37,2015-05,727,5696,4140992,14056,5136,72191616,17314,7240,125353360,24313,3184,77412592,1145,3912,4479240,4805,3824,18374320,11880,4280,50846400,17796,3116,55452336,11624,1292,15018208,4065,3548,14422620,14,1404,19656,437711340
38,2015-04,711,5696,4049856,13412,5136,68884032,17250,7240,124890000,24228,3184,77141952,1132,3912,4428384,4731,3824,18091344,11921,4280,51021880,17621,3116,54907036,11357,1292,14673244,3948,3548,14007504,14,1404,19656,432114888
39,2015-03,714,6104,4358256,13874,5048,70035952,17290,8904,153950160,24060,3492,84017520,1138,3956,4501928,4593,4168,19143624,12084,4560,55103040,17565,3016,52976040,11751,1360,15981360,3835,3564,13667940,10,1280,12800,473748620
40,2015-02,745,6104,4547480,14410,5048,72741680,17433,8904,155223432,23919,3492,83525148,1125,3956,4450500,4577,4168,19076936,12238,4560,55805280,17483,3016,52728728,11578,1360,15746080,3963,3564,14124132,10,1280,12800,477982196
41,2015-01,750,6104,4578000,13589,5048,68597272,17493,8904,155757672,23920,3492,83528640,1136,3956,4494016,4553,4168,18976904,12387,4560,56484720,17341,3016,52300456,11197,1360,15227920,3852,3564,13728528,9,1280,11520,473685648
42,2014-12,845,6004,5073380,14973,5400,80854200,17371,7492,130143532,25452,3292,83787984,1233,3960,4882680,4560,4436,20228160,12559,5564,69878276,17804,3404,60604816,11132,1336,14872352,3533,3776,13340608,7,1172,8204,483674192
43,2014-11,851,6004,5109404,15287,5400,82549800,17264,7492,129341888,25089,3292,82592988,1236,3960,4894560,4532,4436,20103952,12524,5564,69683536,17757,3404,60444828,11185,1336,14943160,3616,3776,13654016,8,1172,9376,483327508
44,2014-10,836,6004,5019344,15606,5400,84272400,17242,7492,129177064,24697,3292,81302524,1205,3960,4771800,4478,4436,19864408,12703,5564,70679492,17792,3404,60563968,11155,1336,14903080,3696,3776,13956096,8,1172,9376,484519552
45,2014-09,787,6096,4797552,14509,4720,68482480,16832,7012,118025984,24584,3056,75128704,1224,3768,4612032,4418,3748,16558664,12625,4136,52217000,17359,3100,53812900,11472,1252,14362944,3673,2952,10842696,7,1604,11228,418852184
46,2014-08,791,6096,4821936,14097,4720,66537840,16907,7012,118551884,24824,3056,75862144,1238,3768,4664784,4422,3748,16573656,12630,4136,52237680,17261,3100,53509100,11439,1252,14321628,3556,2952,10497312,8,1604,12832,417590796
47,2014-07,802,6096,4888992,13580,4720,64097600,16774,7012,117619288,24781,3056,75730736,1247,3768,4698696,4378,3748,16408744,12469,4136,51571784,17213,3100,53360300,11381,1252,14249012,3516,2952,10379232,13,1604,20852,413025236
48,2014-06,813,5596,4549548,13268,4944,65596992,17038,6840,116539920,24653,3072,75734016,1235,3780,4668300,4364,3924,17124336,12590,4128,51971520,17251,3124,53892124,11576,1268,14678368,3515,3164,11121460,4,1364,5456,415882040
49,2014-05,810,5596,4532760,13515,4944,66818160,16918,6840,115719120,24164,3072,74231808,1241,3780,4690980,4374,3924,17163576,12400,4128,51187200,17372,3124,54270128,11447,1268,14514796,3856,3164,12200384,3,1364,4092,415333004
50,2014-04,790,5596,4420840,13029,4944,64415376,16678,6840,114077520,24068,3072,73936896,1233,3780,4660740,4349,3924,17065476,12212,4128,50411136,17371,3124,54267004,11245,1268,14258660,3592,3164,11365088,3,1364,4092,408882828
51,2014-03,780,5604,4371120,12478,4636,57848008,16230,8120,131787600,24079,3348,80616492,1235,3900,4816500,4251,4204,17871204,12051,4152,50035752,17089,2992,51130288,11096,1216,13492736,3858,3740,14428920,4,964,3856,426402476
52,2014-02,789,5604,4421556,12329,4636,57157244,16096,8120,130699520,23786,3348,79635528,1227,3900,4785300,4251,4204,17871204,11858,4152,49234416,17018,2992,50917856,10830,1216,13169280,4589,3740,17162860,5,964,4820,425059584
53,2014-01,771,5604,4320684,12175,4636,56443300,15992,8120,129855040,24005,3348,80368740,1236,3900,4820400,4212,4204,17707248,11820,4152,49076640,16940,2992,50684480,10513,1216,12783808,3681,3740,13766940,4,964,3856,419831136
